{
  "Logistic Regression": {
    "accuracy": 0.9499509322865555,
    "precision": 0.9497225041561922,
    "recall": 0.9499509322865555,
    "f1_score": 0.948962061346187,
    "cv_mean": 0.9489570552147241,
    "cv_std": 0.005225899248845861,
    "confusion_matrix": [
      [
        1523,
        25
      ],
      [
        77,
        413
      ]
    ]
  },
  "Random Forest": {
    "accuracy": 0.9661432777232581,
    "precision": 0.9659102114528407,
    "recall": 0.9661432777232581,
    "f1_score": 0.9659118407309769,
    "cv_mean": 0.9596319018404909,
    "cv_std": 0.0034574240008847334,
    "confusion_matrix": [
      [
        1523,
        25
      ],
      [
        44,
        446
      ]
    ]
  },
  "Naive Bayes": {
    "accuracy": 0.9283611383709519,
    "precision": 0.9279116659381045,
    "recall": 0.9283611383709519,
    "f1_score": 0.9281071892328692,
    "cv_mean": 0.9314110429447853,
    "cv_std": 0.006836018786348039,
    "confusion_matrix": [
      [
        1480,
        68
      ],
      [
        78,
        412
      ]
    ]
  }
}