{
  "Logistic Regression": {
    "accuracy": 0.9592737978410206,
    "precision": 0.9590392756223545,
    "recall": 0.9592737978410206,
    "f1_score": 0.9587153049256721,
    "cv_mean": 0.9591458437557598,
    "cv_std": 0.0022869418756838603,
    "confusion_matrix": [
      [
        1525,
        23
      ],
      [
        60,
        430
      ]
    ]
  },
  "XGBoost": {
    "accuracy": 0.9739941118743867,
    "precision": 0.9738682684312152,
    "recall": 0.9739941118743867,
    "f1_score": 0.9738925391619925,
    "cv_mean": 0.9710459539670421,
    "cv_std": 0.006018236920952352,
    "confusion_matrix": [
      [
        1527,
        21
      ],
      [
        32,
        458
      ]
    ]
  },
  "Naive Bayes": {
    "accuracy": 0.9195289499509323,
    "precision": 0.9181539928385112,
    "recall": 0.9195289499509323,
    "f1_score": 0.9184570216347225,
    "cv_mean": 0.9209911492441311,
    "cv_std": 0.0045505195224274765,
    "confusion_matrix": [
      [
        1484,
        64
      ],
      [
        100,
        390
      ]
    ]
  }
}