{
  "Logistic Regression": {
    "accuracy": 0.9543670264965652,
    "precision": 0.9547778040115362,
    "recall": 0.9543670264965652,
    "f1_score": 0.9532545112555451,
    "cv_mean": 0.9522758065547503,
    "cv_std": 0.0021035467074536794,
    "confusion_matrix": [
      [
        1533,
        15
      ],
      [
        78,
        412
      ]
    ]
  },
  "XGBoost": {
    "accuracy": 0.9700686947988224,
    "precision": 0.9700114086297336,
    "recall": 0.9700686947988224,
    "f1_score": 0.9700372284644003,
    "cv_mean": 0.9614766807220532,
    "cv_std": 0.004153753664525707,
    "confusion_matrix": [
      [
        1519,
        29
      ],
      [
        32,
        458
      ]
    ]
  },
  "Naive Bayes": {
    "accuracy": 0.9317958783120707,
    "precision": 0.931487779992254,
    "recall": 0.9317958783120707,
    "f1_score": 0.9316274699497812,
    "cv_mean": 0.9381672578455011,
    "cv_std": 0.0014130506960051239,
    "confusion_matrix": [
      [
        1482,
        66
      ],
      [
        73,
        417
      ]
    ]
  }
}