{
  "Logistic Regression": {
    "accuracy": 0.9713004484304932,
    "precision": 0.9708479686207194,
    "recall": 0.9713004484304932,
    "f1_score": 0.9705104223131128,
    "cv_mean": 0.9690371578263954,
    "cv_std": 0.005615300744242525,
    "confusion_matrix": [
      [
        959,
        7
      ],
      [
        25,
        124
      ]
    ]
  },
  "Random Forest": {
    "accuracy": 0.9829596412556054,
    "precision": 0.982893001784507,
    "recall": 0.9829596412556054,
    "f1_score": 0.9826279487090812,
    "cv_mean": 0.9818259827975823,
    "cv_std": 0.005039122104558384,
    "confusion_matrix": [
      [
        963,
        3
      ],
      [
        16,
        133
      ]
    ]
  },
  "Naive Bayes": {
    "accuracy": 0.979372197309417,
    "precision": 0.9796448633241104,
    "recall": 0.979372197309417,
    "f1_score": 0.9787011791558241,
    "cv_mean": 0.9804796847397744,
    "cv_std": 0.004411188236714218,
    "confusion_matrix": [
      [
        965,
        1
      ],
      [
        22,
        127
      ]
    ]
  }
}