{
  "Logistic Regression": {
    "accuracy": 0.9713004484304932,
    "precision": 0.9708479686207194,
    "recall": 0.9713004484304932,
    "f1_score": 0.9705104223131128,
    "cv_mean": 0.9690371578263954,
    "cv_std": 0.005615300744242525,
    "confusion_matrix": [
      [
        959,
        7
      ],
      [
        25,
        124
      ]
    ]
  },
  "XGBoost": {
    "accuracy": 0.9811659192825112,
    "precision": 0.9809768282689271,
    "recall": 0.9811659192825112,
    "f1_score": 0.9810295272478409,
    "cv_mean": 0.9798075422888577,
    "cv_std": 0.005403905620998048,
    "confusion_matrix": [
      [
        958,
        8
      ],
      [
        13,
        136
      ]
    ]
  },
  "Naive Bayes": {
    "accuracy": 0.979372197309417,
    "precision": 0.9796448633241104,
    "recall": 0.979372197309417,
    "f1_score": 0.9787011791558241,
    "cv_mean": 0.9804796847397744,
    "cv_std": 0.004411188236714218,
    "confusion_matrix": [
      [
        965,
        1
      ],
      [
        22,
        127
      ]
    ]
  }
}