{
  "Logistic Regression": {
    "accuracy": 0.99745,
    "precision": 0.9974619440612769,
    "recall": 0.99745,
    "f1_score": 0.9974499846935331,
    "cv_mean": 0.9976124984367344,
    "cv_std": 9.358223543682969e-05,
    "confusion_matrix": [
      [
        9999,
        1
      ],
      [
        50,
        9950
      ]
    ]
  },
  "XGBoost": {
    "accuracy": 0.9979,
    "precision": 0.997903903566604,
    "recall": 0.9979,
    "f1_score": 0.9978999958839919,
    "cv_mean": 0.9978374989055605,
    "cv_std": 7.708615324659605e-05,
    "confusion_matrix": [
      [
        9993,
        7
      ],
      [
        35,
        9965
      ]
    ]
  },
  "Gradient Boosting": {
    "accuracy": 0.9979,
    "precision": 0.9979071897798203,
    "recall": 0.9979,
    "f1_score": 0.9978999924189725,
    "cv_mean": 0.9979749981243436,
    "cv_std": 0.00012250625590308625,
    "confusion_matrix": [
      [
        9998,
        2
      ],
      [
        40,
        9960
      ]
    ]
  }
}