{
  "Logistic Regression": {
    "accuracy": 0.99755,
    "precision": 0.9975619464623345,
    "recall": 0.99755,
    "f1_score": 0.9975499852937866,
    "cv_mean": 0.9976124989054903,
    "cv_std": 6.37794200052813e-05,
    "confusion_matrix": [
      [
        10000,
        0
      ],
      [
        49,
        9951
      ]
    ]
  },
  "XGBoost": {
    "accuracy": 0.9981,
    "precision": 0.998103367178762,
    "recall": 0.9981,
    "f1_score": 0.9980999967889944,
    "cv_mean": 0.9978999995305878,
    "cv_std": 0.0001403175440057067,
    "confusion_matrix": [
      [
        9994,
        6
      ],
      [
        32,
        9968
      ]
    ]
  },
  "Gradient Boosting": {
    "accuracy": 0.998,
    "precision": 0.9980057569465504,
    "recall": 0.998,
    "f1_score": 0.9979999942199833,
    "cv_mean": 0.9980124981243556,
    "cv_std": 0.00014033896420646329,
    "confusion_matrix": [
      [
        9997,
        3
      ],
      [
        37,
        9963
      ]
    ]
  }
}